q2	x	cme	f2	fl	redx
0.15	1e-05	319.0	0.155226748614206	0.000372071123079659	0.15485467749112633
0.15	1.438449888287663e-05	319.0	0.15023851805739996	0.00016781153227729128	0.15007070652512267
0.15	2.06913808111479e-05	319.0	0.14532618284460075	7.66508087836771e-05	0.14524953203581706
0.15	2.9763514416313192e-05	319.0	0.1404952433072445	3.531721466458047e-05	0.14045992609257993
0.15	4.281332398719396e-05	319.0	0.13575181512778145	1.6368490520020767e-05	0.13573544663726142
0.15	6.158482110660267e-05	319.0	0.13110285205218705	7.616130236820455e-06	0.13109523592195024
0.15	8.858667904100833e-05	319.0	0.12655514904696616	3.5528625398502153e-06	0.1265515961844263
0.15	0.00012742749857031334	319.0	0.12211418680945035	1.6601155838575509e-06	0.12211252669386649
0.15	0.00018329807108324357	319.0	0.11778680484642623	7.765156664446516e-07	0.11778602833075978
0.15	0.00026366508987303583	319.0	0.11358017904180986	3.63450436006549e-07	0.11357981559137385
0.15	0.000379269019073225	319.0	0.10950234949080163	1.7018743223208683e-07	0.1095021793033694
0.15	0.0005455594781168515	319.0	0.10556207889353804	7.971770002772941e-08	0.10556199917583801
0.15	0.0007847599703514606	319.0	0.10176803191543604	3.735275048318984e-08	0.10176799456268555
0.15	0.0011288378916846883	319.0	0.0981317999315052	1.7509409017196777e-08	0.09813178242209618
0.15	0.001623776739188721	319.0	0.09466622167545782	8.212395778547588e-09	0.09466621346306205
0.15	0.002335721469090121	319.0	0.09138156448055251	3.8548402539944535e-09	0.09138156062571226
0.15	0.003359818286283781	319.0	0.08829514179617699	1.811404085994312e-09	0.08829513998477291
0.15	0.004832930238571752	319.0	0.08542565743554653	8.524558227959736e-10	0.0854256565830907
0.15	0.0069519279617756054	319.0	0.08279194764814517	4.0196020572318277e-10	0.08279194724618497
0.15	0.01	319.0	0.08042470282898369	1.9002208358411085e-10	0.0804247026389616
0.2	1e-05	319.0	0.1892976454389376	0.0008579850543376986	0.1884396603845999
0.2	1.438449888287663e-05	319.0	0.18283966542691787	0.00038040935228951316	0.18245925607462837
0.2	2.06913808111479e-05	319.0	0.17649077541456434	0.00017151504503508882	0.17631926036952925
0.2	2.9763514416313192e-05	319.0	0.17025773857023543	7.823919496691999e-05	0.17017949937526852
0.2	4.281332398719396e-05	319.0	0.16414793516351964	3.597594831630938e-05	0.16411195921520333
0.2	6.158482110660267e-05	319.0	0.15816973593482894	1.6631691627050777e-05	0.1581531042432019
0.2	8.858667904100833e-05	319.0	0.152331161500456	7.716349046533612e-06	0.15232344515140947
0.2	0.00012742749857031334	319.0	0.14663848193456921	3.5883507086980917e-06	0.1466348935838605
0.2	0.00018329807108324357	319.0	0.14109944355320675	1.6711744380624062e-06	0.1410977723787687
0.2	0.00026366508987303583	319.0	0.1357221463105052	7.790311727779188e-07	0.13572136727933243
0.2	0.000379269019073225	319.0	0.13051545219619867	3.6336900479894534e-07	0.13051508882719387
0.2	0.0005455594781168515	319.0	0.12548892178021917	1.695596964320791e-07	0.12548875222052275
0.2	0.0007847599703514606	319.0	0.12065168831472517	7.914922351147524e-08	0.12065160916550166
0.2	0.0011288378916846883	319.0	0.11601624332924841	3.696065559845925e-08	0.11601620636859282
0.2	0.001623776739188721	319.0	0.11159591130248267	1.7268505380365768e-08	0.1115958940339773
0.2	0.002335721469090121	319.0	0.10740242515802756	8.073561239307349e-09	0.10740241708446632
0.2	0.003359818286283781	319.0	0.10345219591730172	3.778240588011402e-09	0.10345219213906114
0.2	0.004832930238571752	319.0	0.09976744016731079	1.7704787495478685e-09	0.09976743839683204
0.2	0.0069519279617756054	319.0	0.09636174671795197	8.311128220839329e-10	0.09636174588683916
0.2	0.01	319.0	0.09327246736071844	3.91053352441705e-10	0.09327246696966508
0.25	1e-05	319.0	0.2200358361930146	0.001648829123307592	0.21838700706970698
0.25	1.438449888287663e-05	319.0	0.21217814517433783	0.000719349082781988	0.21145879609155585
0.25	2.06913808111479e-05	319.0	0.2044642896895196	0.0003203591650950696	0.20414393052442453
0.25	2.9763514416313192e-05	319.0	0.1969021006931298	0.00014476655047750267	0.19675733414265228
0.25	4.281332398719396e-05	319.0	0.1894999697387505	6.60802649370886e-05	0.1894338894738134
0.25	6.158482110660267e-05	319.0	0.18226736119141787	3.037006866434518e-05	0.18223699112275352
0.25	8.858667904100833e-05	319.0	0.17521323920087808	1.4021936190197447e-05	0.1751992172646879
0.25	0.00012742749857031334	319.0	0.16834438894937992	6.4934310621902484e-06	0.16833789551831774
0.25	0.00018329807108324357	319.0	0.1616691672128268	3.012878939869281e-06	0.16166615433388692
0.25	0.00026366508987303583	319.0	0.15519618038657862	1.3996597287710058e-06	0.15519478072684983
0.25	0.000379269019073225	319.0	0.1489347657837501	6.507294361885108e-07	0.1489341150543139
0.25	0.0005455594781168515	319.0	0.14289483542046316	3.026918235080352e-07	0.14289453272863967
0.25	0.0007847599703514606	319.0	0.13708565067285222	1.4085229352888126e-07	0.1370855098205587
0.25	0.0011288378916846883	319.0	0.13152009257162703	6.556754045104029e-08	0.13152002700408658
0.25	0.001623776739188721	319.0	0.12621170799367074	3.0535902562910255e-08	0.12621167745776818
0.25	0.002335721469090121	319.0	0.12117199459150672	1.4229424896552273e-08	0.12117198036208182
0.25	0.003359818286283781	319.0	0.11641743938723273	6.636275200356055e-09	0.11641743275095753
0.25	0.004832930238571752	319.0	0.1119711049675035	3.0986195301616174e-09	0.11197110186888397
0.25	0.0069519279617756054	319.0	0.10784544334383626	1.4490844100346104e-09	0.10784544189475186
0.25	0.01	319.0	0.10407419599479165	6.790839067334238e-10	0.10407419531570775
0.35	1e-05	319.0	0.27450435411600094	0.004471376182105575	0.27003297793389536
0.35	1.438449888287663e-05	319.0	0.26400871059133163	0.001893966243138694	0.26211474434819293
0.35	2.06913808111479e-05	319.0	0.2537567570461174	0.0008245042152612398	0.25293225283085613
0.35	2.9763514416313192e-05	319.0	0.24370120214184327	0.0003659830288824638	0.2433352191129608
0.35	4.281332398719396e-05	319.0	0.23387516988110496	0.00016474494242240623	0.23371042493868255
0.35	6.158482110660267e-05	319.0	0.2243127210964644	7.491162563073204e-05	0.2242378094708337
0.35	8.858667904100833e-05	319.0	0.21500677450412778	3.4288853198898557e-05	0.21497248565092889
0.35	0.00012742749857031334	319.0	0.20596458448875873	1.5763838759574848e-05	0.20594882064999917
0.35	0.00018329807108324357	319.0	0.19719501432029288	7.268017285875595e-06	0.197187746303007
0.35	0.00026366508987303583	319.0	0.18870699048560174	3.3571237819261867e-06	0.1887036333618198
0.35	0.000379269019073225	319.0	0.18051004910729254	1.5524596017320114e-06	0.1805084966476908
0.35	0.0005455594781168515	319.0	0.17261404501627867	7.184347471570161e-07	0.1726133265815315
0.35	0.0007847599703514606	319.0	0.1650276719514223	3.3262506295105777e-07	0.16502733932635935
0.35	0.0011288378916846883	319.0	0.15776362949558637	1.5405650495777402e-07	0.1577634754390814
0.35	0.001623776739188721	319.0	0.15083507742694918	7.137797559599874e-08	0.1508350060489736
0.35	0.002335721469090121	319.0	0.14425218027570358	3.3085321798758106e-08	0.1442521471903818
0.35	0.003359818286283781	319.0	0.1380328585097856	1.5345138120526294e-08	0.13803284316464748
0.35	0.004832930238571752	319.0	0.13219248503397343	7.123388438904291e-09	0.132192477910585
0.35	0.0069519279617756054	319.0	0.12674888619131935	3.310759408644144e-09	0.12674888288055994
0.35	0.01	319.0	0.12172997288305296	1.5412816678462422e-09	0.12172997134177128
0.4	1e-05	319.0	0.29907405782709856	0.006671917281449365	0.29240214054564917
0.4	1.438449888287663e-05	319.0	0.2873569038204128	0.002790484369108213	0.28456641945130456
0.4	2.06913808111479e-05	319.0	0.27588139966121084	0.0012012617438531146	0.27468013791735774
0.4	2.9763514416313192e-05	319.0	0.26467149937369244	0.0005289064384698574	0.2641425929352226
0.4	4.281332398719396e-05	319.0	0.25374536652262836	0.0002367050886988677	0.25350866143392947
0.4	6.158482110660267e-05	319.0	0.24308559566014415	0.00010708743813663045	0.2429785082220075
0.4	8.858667904100833e-05	319.0	0.23271436485486335	4.881005370276805e-05	0.23266555480116058
0.4	0.00012742749857031334	319.0	0.2226525817596898	2.236373173073237e-05	0.22263021802795907
0.4	0.00018329807108324357	319.0	0.21290820885298098	1.0282139635869012e-05	0.21289792671334512
0.4	0.00026366508987303583	319.0	0.20348416937428784	4.7375723655075665e-06	0.20347943180192232
0.4	0.000379269019073225	319.0	0.19438980467602643	2.185825504146219e-06	0.19438761885052228
0.4	0.0005455594781168515	319.0	0.18563469375817623	1.0093437449164876e-06	0.18563368441443132
0.4	0.0007847599703514606	319.0	0.17722700486952858	4.663226710878105e-07	0.1772265385468575
0.4	0.0011288378916846883	319.0	0.16917905187879667	2.1552324254596387e-07	0.1691788363555541
0.4	0.001623776739188721	319.0	0.16150348298748662	9.964302435267783e-08	0.16150338334446226
0.4	0.002335721469090121	319.0	0.15420874977437773	4.60848574442388e-08	0.15420870368952028
0.4	0.003359818286283781	319.0	0.1473146846457454	2.132518946365802e-08	0.14731466332055593
0.4	0.004832930238571752	319.0	0.1408326454222007	9.875337259973156e-09	0.14083263554686343
0.4	0.0069519279617756054	319.0	0.13478105826581854	4.577896739925184e-09	0.13478105368792181
0.4	0.01	319.0	0.12918729715893124	2.125235552924348e-09	0.1291872950336957
0.5	1e-05	319.0	0.3443304952871392	0.013107611366309783	0.33122288392082944
0.5	1.438449888287663e-05	319.0	0.3302367492944535	0.005362152881126465	0.32487459641332705
0.5	2.06913808111479e-05	319.0	0.3164805489664604	0.0022625595200558572	0.3142179894464045
0.5	2.9763514416313192e-05	319.0	0.30305209915742054	0.000980320834752648	0.3020717783226679
0.5	4.281332398719396e-05	319.0	0.28996401404695243	0.0004331979888353741	0.28953081605811704
0.5	6.158482110660267e-05	319.0	0.2772586259238651	0.00019419714190774105	0.27706442878195736
0.5	8.858667904100833e-05	319.0	0.26491272763831947	8.787876754008298e-05	0.2648248488707794
0.5	0.00012742749857031334	319.0	0.2529487855645748	4.00279199057998e-05	0.25290875764466897
0.5	0.00018329807108324357	319.0	0.24136972596295345	1.830973239392078e-05	0.24135141623055953
0.5	0.00026366508987303583	319.0	0.23019452403698687	8.400016175142252e-06	0.23018612402081173
0.5	0.000379269019073225	319.0	0.2194050362289877	3.8589223878172915e-06	0.21940117730659986
0.5	0.0005455594781168515	319.0	0.20903611950107084	1.7749351475775563e-06	0.20903434456592326
0.5	0.0007847599703514606	319.0	0.19909288469786923	8.170109574920523e-07	0.19909206768691173
0.5	0.0011288378916846883	319.0	0.18958107635706004	3.762239627371813e-07	0.1895807001330973
0.5	0.001623776739188721	319.0	0.18051197174890718	1.732969803556505e-07	0.18051179845192683
0.5	0.002335721469090121	319.0	0.17189173011372633	7.984496556237995e-08	0.17189165026876077
0.5	0.003359818286283781	319.0	0.16373757041965756	3.68006466099098e-08	0.16373753361901094
0.5	0.004832930238571752	319.0	0.1560619496779895	1.6970321074349437e-08	0.15606193270766844
0.5	0.0069519279617756054	319.0	0.14887721924600947	7.831668340390958e-09	0.14887721141434113
0.5	0.01	319.0	0.14220997324257786	3.6181847768149983e-09	0.14220996962439308
0.65	1e-05	319.0	0.40477759723969625	0.029102564649527336	0.37567503259016893
0.65	1.438449888287663e-05	319.0	0.38737981935059346	0.011676081473633294	0.37570373787696015
0.65	2.06913808111479e-05	319.0	0.37043104625464335	0.004800342920257162	0.3656307033343862
0.65	2.9763514416313192e-05	319.0	0.3539236715601889	0.002034179076127362	0.35188949248406154
0.65	4.281332398719396e-05	319.0	0.3378704233832287	0.0008834666399231436	0.33698695674330553
0.65	6.158482110660267e-05	319.0	0.3223005309493453	0.00039072728842770875	0.3219098036609176
0.65	8.858667904100833e-05	319.0	0.3072159149800271	0.0001749955997631585	0.30704091938026395
0.65	0.00012742749857031334	319.0	0.29263305975720233	7.906471331624659e-05	0.2925539950438861
0.65	0.00018329807108324357	319.0	0.2785375743798459	3.5921118950503036e-05	0.2785016532608954
0.65	0.00026366508987303583	319.0	0.2649392681710123	1.6378734153418476e-05	0.2649228894368589
0.65	0.000379269019073225	319.0	0.251873896978895	7.488813710083053e-06	0.2518664081651849
0.65	0.0005455594781168515	319.0	0.23931578656640623	3.428371990282085e-06	0.23931235819441596
0.65	0.0007847599703514606	319.0	0.22727364473029305	1.5705792756732484e-06	0.22727207415101738
0.65	0.0011288378916846883	319.0	0.21578263979314952	7.201293712176442e-07	0.2157819196637783
0.65	0.001623776739188721	319.0	0.20482855036124517	3.3024745245570675e-07	0.2048282201137927
0.65	0.002335721469090121	319.0	0.19440325342237863	1.5141719614210678e-07	0.1944031020051825
0.65	0.003359818286283781	319.0	0.18454172393179216	6.944408719205127e-08	0.18454165448770496
0.65	0.004832930238571752	319.0	0.17525224513557786	3.185993743896982e-08	0.17525221327564042
0.65	0.0069519279617756054	319.0	0.1665365095622468	1.462274370753235e-08	0.1665364949395031
0.65	0.01	319.0	0.1584182743926715	6.715681349378456e-09	0.15841826767699016
0.85	1e-05	319.0	0.4754887575186909	0.06447888985153323	0.4110098676671577
0.85	1.438449888287663e-05	319.0	0.4540514746007309	0.026093214866684884	0.42795825973404605
0.85	2.06913808111479e-05	319.0	0.43319439604785054	0.010472496819111577	0.422721899228739
0.85	2.9763514416313192e-05	319.0	0.4129299840443374	0.0043236237905947255	0.4086063602537427
0.85	4.281332398719396e-05	319.0	0.3932827992283333	0.0018382310236539324	0.3914445682046794
0.85	6.158482110660267e-05	319.0	0.37425733397488764	0.0007996127356808537	0.3734577212392068
0.85	8.858667904100833e-05	319.0	0.35586297080515383	0.000353578329826357	0.3555093924753275
0.85	0.00012742749857031334	319.0	0.33811348207284536	0.00015815414844858324	0.33795532792439675
0.85	0.00018329807108324357	319.0	0.32099390032801134	7.127589715996626e-05	0.3209226244308514
0.85	0.00026366508987303583	319.0	0.3045111831127919	3.228149210995947e-05	0.3044789016206819
0.85	0.000379269019073225	319.0	0.2886863045562866	1.4670456362677713e-05	0.2886716340999239
0.85	0.0005455594781168515	319.0	0.2735139202333925	6.680595590764733e-06	0.2735072396378017
0.85	0.0007847599703514606	319.0	0.2590034658445992	3.0462792909242595e-06	0.2590004195653083
0.85	0.0011288378916846883	319.0	0.2451413645206045	1.3896946220540619e-06	0.24513997482598246
0.85	0.001623776739188721	319.0	0.2319358791478724	6.340589548916946e-07	0.2319352450889175
0.85	0.002335721469090121	319.0	0.21940647642312602	2.894047649637769e-07	0.21940618701836107
0.85	0.003359818286283781	319.0	0.20753800645616166	1.320613494505357e-07	0.20753787439481222
0.85	0.004832930238571752	319.0	0.1963389227104826	6.025298453438949e-08	0.19633886245749804
0.85	0.0069519279617756054	319.0	0.18582656683621046	2.749785203661524e-08	0.18582653933835844
0.85	0.01	319.0	0.17600494489728238	1.254988999470027e-08	0.1760049323473924
1.2	1e-05	319.0	0.5811059211794899	0.15637001299967976	0.4247359081798101
1.2	1.438449888287663e-05	319.0	0.5533055934862166	0.0721365189110131	0.48116907457520347
1.2	2.06913808111479e-05	319.0	0.5263418443806351	0.028969807722005286	0.49737203665862983
1.2	2.9763514416313192e-05	319.0	0.5002341620412595	0.011582141045008067	0.48865202099625143
1.2	4.281332398719396e-05	319.0	0.47498529076983054	0.004765859888289829	0.4702194308815407
1.2	6.158482110660267e-05	319.0	0.45060398782364747	0.002018699690918552	0.4485852881327289
1.2	8.858667904100833e-05	319.0	0.42709602217823156	0.00087446771437106	0.4262215544638605
1.2	0.00012742749857031334	319.0	0.40446092311850884	0.00038492216703362445	0.4040760009514752
1.2	0.00018329807108324357	319.0	0.3827069835029567	0.00017133130568468217	0.382535652197272
1.2	0.00026366508987303583	319.0	0.3618163547913167	7.681957195511726e-05	0.3617395352193616
1.2	0.000379269019073225	319.0	0.3417899911968391	3.460780361491471e-05	0.3417553833932242
1.2	0.0005455594781168515	319.0	0.3226380323602846	1.564033593408836e-05	0.3226223920243505
1.2	0.0007847599703514606	319.0	0.30434712783639734	7.081169216885469e-06	0.30434004666718045
1.2	0.0011288378916846883	319.0	0.2869155038402385	3.209119864833392e-06	0.28691229472037366
1.2	0.001623776739188721	319.0	0.27034673498231077	1.4551138436277594e-06	0.2703452798684671
1.2	0.002335721469090121	319.0	0.2546171436120216	6.596981440433565e-07	0.25461648391387753
1.2	0.003359818286283781	319.0	0.23973003846819815	2.9898527051524485e-07	0.23972973948292764
1.2	0.004832930238571752	319.0	0.2256903313835203	1.3546947943328517e-07	0.22569019591404085
1.2	0.0069519279617756054	319.0	0.21248816998373912	6.135369933689987e-08	0.21248810863003978
1.2	0.01	319.0	0.20013219700104765	2.7775466873743127e-08	0.20013216922558077
1.5	1e-05	319.0	0.6591567104171607	0.2333586209391438	0.4257980894780169
1.5	1.438449888287663e-05	319.0	0.6264556057430767	0.13148652870301944	0.4949690770400572
1.5	2.06913808111479e-05	319.0	0.5948053099405732	0.05587213626635465	0.5389331736742186
1.5	2.9763514416313192e-05	319.0	0.5642189735172487	0.02214153905430884	0.5420774344629399
1.5	4.281332398719396e-05	319.0	0.5346877916546754	0.008911692505175614	0.5257760991494997
1.5	6.158482110660267e-05	319.0	0.5062239256539357	0.003698234754229236	0.5025256908997064
1.5	8.858667904100833e-05	319.0	0.47882379217885446	0.001575988280999281	0.47724780389785515
1.5	0.00012742749857031334	319.0	0.452493766154975	0.0006850364231020547	0.4518087297318729
1.5	0.00018329807108324357	319.0	0.4272236470407353	0.00030191762477751744	0.4269217294159578
1.5	0.00026366508987303583	319.0	0.4030066134190555	0.00013432262841856844	0.40287229079063697
1.5	0.000379269019073225	319.0	0.3798356488274377	6.013295271889742e-05	0.3797755158747188
1.5	0.0005455594781168515	319.0	0.35770208390661473	2.7027327569915302e-05	0.3576750565790448
1.5	0.0007847599703514606	319.0	0.3366001401354381	1.2178083415484815e-05	0.3365879620520226
1.5	0.0011288378916846883	319.0	0.31650747468354345	5.493894756456924e-06	0.316501980788787
1.5	0.001623776739188721	319.0	0.2974167714708586	2.4796503398431664e-06	0.29741429182051876
1.5	0.002335721469090121	319.0	0.2793240034220485	1.1193164324920591e-06	0.279322884105616
1.5	0.003359818286283781	319.0	0.2622164546418535	5.050988524945769e-07	0.262215949543001
1.5	0.004832930238571752	319.0	0.24608134425757025	2.27801863833609e-07	0.2460811164557064
1.5	0.0069519279617756054	319.0	0.23090859853563245	1.0267235168696357e-07	0.23090849586328077
1.5	0.01	319.0	0.21668865239375687	4.6231073530217524e-08	0.21668860616268334
2.0	1e-05	319.0	0.7721575975096258	0.30745018335421165	0.4647074141554141
2.0	1.438449888287663e-05	319.0	0.7320998551329594	0.24033570939053556	0.49176414574242383
2.0	2.06913808111479e-05	319.0	0.6934258277692973	0.12462330600806065	0.5688025217612367
2.0	2.9763514416313192e-05	319.0	0.6561361659252843	0.05127496933257139	0.604861196592713
2.0	4.281332398719396e-05	319.0	0.6202293637974178	0.020227333037749814	0.600002030759668
2.0	6.158482110660267e-05	319.0	0.5857035498428893	0.008156830363395401	0.5775467194794939
2.0	8.858667904100833e-05	319.0	0.5525528641348739	0.003390774499927615	0.5491620896349463
2.0	0.00012742749857031334	319.0	0.520764210143892	0.0014453570003251856	0.5193188531435667
2.0	0.00018329807108324357	319.0	0.49032461290204465	0.0006274833008569189	0.4896971296011877
2.0	0.00026366508987303583	319.0	0.4612241398270722	0.00027591312267346153	0.4609482267043988
2.0	0.000379269019073225	319.0	0.43343299565462096	0.000122353084802727	0.4333106425698182
2.0	0.0005455594781168515	319.0	0.40693511093101425	5.455562673169941e-05	0.4068805553042826
2.0	0.0007847599703514606	319.0	0.381718056417968	2.4410745921129848e-05	0.3816936456720469
2.0	0.0011288378916846883	319.0	0.3577581174916312	1.0943884305282773e-05	0.35774717360732594
2.0	0.001623776739188721	319.0	0.33503491532199564	4.910884107850606e-06	0.3350300044378878
2.0	0.002335721469090121	319.0	0.3135231339416896	2.2040358098846177e-06	0.31352092990587976
2.0	0.003359818286283781	319.0	0.2932007018044982	9.888317904130305e-07	0.2931997129727078
2.0	0.004832930238571752	319.0	0.27405482689404553	4.4330672571417593e-07	0.2740543835873198
2.0	0.0069519279617756054	319.0	0.25605443843789644	1.985443687556255e-07	0.25605423989352766
2.0	0.01	319.0	0.23918581542563785	8.880078581281316e-08	0.23918572662485205
2.7	1e-05	319.0	0.9061703596813369	0.3393458147398167	0.5668245449415201
2.7	1.438449888287663e-05	319.0	0.8570451153453181	0.33825918723103854	0.5187859281142796
2.7	2.06913808111479e-05	319.0	0.8097398030055253	0.24520725483209813	0.5645325481734271
2.7	2.9763514416313192e-05	319.0	0.7642499905197372	0.11938731707569286	0.6448626734440444
2.7	4.281332398719396e-05	319.0	0.7205543538173227	0.04808496868960917	0.6724693851277135
2.7	6.158482110660267e-05	319.0	0.6786405864923308	0.018915436936606266	0.6597251495557246
2.7	8.858667904100833e-05	319.0	0.6384996295575361	0.0076339830855475105	0.6308656464719886
2.7	0.00012742749857031334	319.0	0.6001019891143083	0.003174100158267745	0.5969278889560407
2.7	0.00018329807108324357	319.0	0.5634221063322831	0.001351505001745575	0.5620706013305375
2.7	0.00026366508987303583	319.0	0.5284303377371267	0.0005853847416469718	0.5278449529954797
2.7	0.000379269019073225	319.0	0.4950969699970465	0.00025654322599822515	0.4948404267710483
2.7	0.0005455594781168515	319.0	0.463390130639114	0.00011330655879075346	0.4632768240803232
2.7	0.0007847599703514606	319.0	0.43327344650413613	5.029107408235437e-05	0.4332231554300538
2.7	0.0011288378916846883	319.0	0.40471484528704593	2.2387054364276214e-05	0.40469245823268163
2.7	0.001623776739188721	319.0	0.37768003117001153	9.980537502106508e-06	0.3776700506325094
2.7	0.002335721469090121	319.0	0.35213266765614065	4.4518412627087695e-06	0.35212821581487797
2.7	0.003359818286283781	319.0	0.32803279669420227	1.984949651623928e-06	0.3280308117445506
2.7	0.004832930238571752	319.0	0.3053499369848471	8.843424121117537e-07	0.30534905264243495
2.7	0.0069519279617756054	319.0	0.2840471373278356	3.9350396258426696e-07	0.284046743823873
2.7	0.01	319.0	0.264098766643021	1.747979117365842e-07	0.26409859184510925
3.5	1e-05	319.0	1.0364456743547903	0.349404838190557	0.6870408361642333
3.5	1.438449888287663e-05	319.0	0.9782024346346234	0.3774805022180068	0.6007219324166166
3.5	2.06913808111479e-05	319.0	0.922241612993127	0.3508701138846076	0.5713714991085195
3.5	2.9763514416313192e-05	319.0	0.8685419674522539	0.2242182515662894	0.6443237158859645
3.5	4.281332398719396e-05	319.0	0.8170789007370945	0.10045298265489738	0.7166259180821972
3.5	6.158482110660267e-05	319.0	0.7678258752422502	0.03961610247561751	0.7282097727666327
3.5	8.858667904100833e-05	319.0	0.7207514740169549	0.015606876341361101	0.7051445976755938
3.5	0.00012742749857031334	319.0	0.6758165812293757	0.006329320326037668	0.6694872609033381
3.5	0.00018329807108324357	319.0	0.6329858051573315	0.002640723794628597	0.6303450813627028
3.5	0.00026366508987303583	319.0	0.5922045845679386	0.0011258610481766126	0.591078723519762
3.5	0.000379269019073225	319.0	0.553429847738608	0.0004873831057629898	0.552942464632845
3.5	0.0005455594781168515	319.0	0.5166226707315075	0.0002131833785337802	0.5164094873529737
3.5	0.0007847599703514606	319.0	0.4817276003316033	9.387289392826119e-05	0.481633727437675
3.5	0.0011288378916846883	319.0	0.44869753898397036	4.1505407634548915e-05	0.4486560335763358
3.5	0.001623776739188721	319.0	0.41748330597285754	1.8392554171453345e-05	0.4174649134186861
3.5	0.002335721469090121	319.0	0.38802951547799736	8.157706029340396e-06	0.388021357771968
3.5	0.003359818286283781	319.0	0.360296777865446	3.6180237086252166e-06	0.3602931598417374
3.5	0.004832930238571752	319.0	0.3342211941927192	1.6032617078222438e-06	0.33421959093101133
3.5	0.0069519279617756054	319.0	0.3097614190319718	7.094413874389172e-07	0.3097607095905844
3.5	0.01	319.0	0.28687875293584	3.1333708928458936e-07	0.2868784395987507
4.5	1e-05	319.0	1.176234932016931	0.35760392551504877	0.8186310065018823
4.5	1.438449888287663e-05	319.0	1.1079230635696045	0.3900654328244733	0.7178576307451312
4.5	2.06913808111479e-05	319.0	1.0424274739741892	0.4098361407973718	0.6325913331768174
4.5	2.9763514416313192e-05	319.0	0.9797109582284884	0.34504617985998604	0.6346647783685024
4.5	4.281332398719396e-05	319.0	0.9197324978700029	0.19303067506777508	0.7267018228022278
4.5	6.158482110660267e-05	319.0	0.8624484205604949	0.08099598255053767	0.7814524380099572
4.5	8.858667904100833e-05	319.0	0.8078099159276045	0.03158186079396674	0.7762280551336378
4.5	0.00012742749857031334	319.0	0.755760517703286	0.012493649985201704	0.7432668677180843
4.5	0.00018329807108324357	319.0	0.7062424785036346	0.005094070172280092	0.7011484083313545
4.5	0.00026366508987303583	319.0	0.6591926180751116	0.0021324495198796214	0.657060168555232
4.5	0.000379269019073225	319.0	0.6145485304412738	0.0009102032569648961	0.6136383271843089
4.5	0.0005455594781168515	319.0	0.5722459077086465	0.000393766617131076	0.5718521410915154
4.5	0.0007847599703514606	319.0	0.5322157899373169	0.00017187154468085224	0.532043918392636
4.5	0.0011288378916846883	319.0	0.4943971652023906	7.544279253066585e-05	0.4943217224098599
4.5	0.001623776739188721	319.0	0.458712494457402	3.322002563572236e-05	0.45867927443176626
4.5	0.002335721469090121	319.0	0.42509966386541176	1.465042236113893e-05	0.4250850134430506
4.5	0.003359818286283781	319.0	0.39350072516767104	6.462757748381876e-06	0.39349426240992263
4.5	0.004832930238571752	319.0	0.3638345733573773	2.8489695351539363e-06	0.3638317243878421
4.5	0.0069519279617756054	319.0	0.3360485712681925	1.2541019134283632e-06	0.33604731716627906
4.5	0.01	319.0	0.3100773878819453	5.509071779260491e-07	0.31007683697476734
6.5	1e-05	319.0	1.4064910886185993	0.376574507397603	1.0299165812209963
6.5	1.438449888287663e-05	319.0	1.320618741489532	0.3993385267455578	0.9212802147439743
6.5	2.06913808111479e-05	319.0	1.2389520792824922	0.43336948450463814	0.8055825947778541
6.5	2.9763514416313192e-05	319.0	1.1614202421171897	0.4535602534392375	0.7078599886779522
6.5	4.281332398719396e-05	319.0	1.086649890408816	0.3813871948103185	0.7052626955984975
6.5	6.158482110660267e-05	319.0	1.0162865381478021	0.21321663218301895	0.8030699059647832
6.5	8.858667904100833e-05	319.0	0.9485731365397226	0.08915220426248645	0.8594209322772361
6.5	0.00012742749857031334	319.0	0.8850156819612384	0.03457528526916026	0.8504403966920782
6.5	0.00018329807108324357	319.0	0.8240196148867232	0.013596305296975688	0.8104233095897475
6.5	0.00026366508987303583	319.0	0.7665918623589314	0.005509613846668121	0.7610822485122632
6.5	0.000379269019073225	319.0	0.7116770276410225	0.002291983908351726	0.7093850437326708
6.5	0.0005455594781168515	319.0	0.6611145766755229	0.0009720487575614609	0.6601425279179615
6.5	0.0007847599703514606	319.0	0.6126234227113663	0.00041775717431263946	0.6122056655370536
6.5	0.0011288378916846883	319.0	0.5669299119260413	0.0001811016117579361	0.5667488103142834
6.5	0.001623776739188721	319.0	0.5239349833878123	7.892571254668147e-05	0.5238560576752657
6.5	0.002335721469090121	319.0	0.4835389980096583	3.449575592280455e-05	0.48350450225373554
6.5	0.003359818286283781	319.0	0.4456484744030659	1.5093435229430144e-05	0.44563338096783645
6.5	0.004832930238571752	319.0	0.41017750201297015	6.602497817722513e-06	0.41017089951515245
6.5	0.0069519279617756054	319.0	0.37702043385785355	2.88452562506725e-06	0.3770175493322285
6.5	0.01	319.0	0.3461059055772326	1.2575306071824416e-06	0.3461046480466254
8.5	1e-05	319.0	1.5945737687116077	0.39725875267147437	1.1973150160401334
8.5	1.438449888287663e-05	319.0	1.494724057348765	0.41042989444538885	1.0842941629033762
8.5	2.06913808111479e-05	319.0	1.3988973407427294	0.4371006594949125	0.9617966812478169
8.5	2.9763514416313192e-05	319.0	1.308753643483043	0.4726683277864904	0.8360853156965524
8.5	4.281332398719396e-05	319.0	1.2224262575530416	0.47643828717095443	0.7459879703820871
8.5	6.158482110660267e-05	319.0	1.1403928316436895	0.3619565920212237	0.7784362396224658
8.5	8.858667904100833e-05	319.0	1.0619539273286869	0.18250000030013985	0.8794539270285471
8.5	0.00012742749857031334	319.0	0.9887458136499054	0.07334180711564882	0.9154040065342566
8.5	0.00018329807108324357	319.0	0.9188828433378029	0.028313368312520203	0.8905694750252827
8.5	0.00026366508987303583	319.0	0.8528287412358295	0.011173208255556392	0.8416555329802732
8.5	0.000379269019073225	319.0	0.7899597917426995	0.004542363087757576	0.7854174286549419
8.5	0.0005455594781168515	319.0	0.7316349695053682	0.0018920434434036406	0.7297429260619646
8.5	0.0007847599703514606	319.0	0.6762388990568957	0.0008019350871964804	0.6754369639696992
8.5	0.0011288378916846883	319.0	0.6237455150797767	0.00034389984128132677	0.6234016152384954
8.5	0.001623776739188721	319.0	0.5752150904620256	0.00014857537810751106	0.575066515083918
8.5	0.002335721469090121	319.0	0.5290154528939411	6.44671083003044e-05	0.5289509857856408
8.5	0.003359818286283781	319.0	0.4863814518240494	2.8029241996819335e-05	0.4863534225820526
8.5	0.004832930238571752	319.0	0.44599249698351107	1.219077022388867e-05	0.44598030621328716
8.5	0.0069519279617756054	319.0	0.40859071094805144	5.297012273238796e-06	0.4085854139357782
8.5	0.01	319.0	0.37363851529784203	2.296965145406386e-06	0.3736362183326966
10.0	1e-05	319.0	1.7168597670593988	0.41243649605047006	1.3044232710089287
10.0	1.438449888287663e-05	319.0	1.6067981056085332	0.4199141554678177	1.1868839501407156
10.0	2.06913808111479e-05	319.0	1.5025812805215757	0.44030266129122825	1.0622786192303475
10.0	2.9763514416313192e-05	319.0	1.404090836716806	0.4740558456662162	0.9300349910505896
10.0	4.281332398719396e-05	319.0	1.3098647409043411	0.5012783776824795	0.8085863632218616
10.0	6.158482110660267e-05	319.0	1.2204364721871916	0.4447631072810931	0.7756733649060985
10.0	8.858667904100833e-05	319.0	1.135668807159251	0.2668704695744924	0.8687983375847586
10.0	0.00012742749857031334	319.0	1.0547390469984645	0.11481621783130679	0.9399228291671577
10.0	0.00018329807108324357	319.0	0.9795400682754246	0.04440881891387453	0.9351312493615501
10.0	0.00026366508987303583	319.0	0.9078827445038062	0.01726440942540231	0.8906183350784039
10.0	0.000379269019073225	319.0	0.8403016363128397	0.006911036633037077	0.8333905996798027
10.0	0.0005455594781168515	319.0	0.7760645036265622	0.0028425768573951556	0.773221926769167
10.0	0.0007847599703514606	319.0	0.7162205739637324	0.0011931317032452707	0.7150274422604871
10.0	0.0011288378916846883	319.0	0.6605134093406078	0.000507840534908987	0.6600055688056988
10.0	0.001623776739188721	319.0	0.6077536259207399	0.00021811734252324313	0.6075355085782167
10.0	0.002335721469090121	319.0	0.5579073402395748	9.419103108542339e-05	0.5578131492084893
10.0	0.003359818286283781	319.0	0.5121215854117318	4.078713159474302e-05	0.5120807982801371
10.0	0.004832930238571752	319.0	0.46898244761756136	1.7675986417883027e-05	0.4689647716311435
10.0	0.0069519279617756054	319.0	0.4284659533109451	7.655130386399501e-06	0.4284582981805587
10.0	0.01	319.0	0.391398992684063	3.309081558897034e-06	0.3913956836025041
12.0	1e-05	319.0	1.85706170205941	0.42719585386966996	1.4298658481897402
12.0	1.438449888287663e-05	319.0	1.7405389889773937	0.4328572359303124	1.3076817530470812
12.0	2.06913808111479e-05	319.0	1.6255741854404449	0.4459717767176621	1.1796024087227828
12.0	2.9763514416313192e-05	319.0	1.51634125576794	0.47357140176430196	1.042769854003638
12.0	4.281332398719396e-05	319.0	1.4083046575735332	0.5014033137555061	0.9069013438180271
12.0	6.158482110660267e-05	319.0	1.3108874953876957	0.49990748771516624	0.8109800076725294
12.0	8.858667904100833e-05	319.0	1.2214362373220433	0.3755213833841338	0.8459148539379095
12.0	0.00012742749857031334	319.0	1.1327040764921312	0.18510382890700025	0.947600247585131
12.0	0.00018329807108324357	319.0	1.0504882858253233	0.07362705458358873	0.9768612312417345
12.0	0.00026366508987303583	319.0	0.9721885051841548	0.028291042630822515	0.9438974625533323
12.0	0.000379269019073225	319.0	0.8984382028017021	0.011123367393728668	0.8873148354079734
12.0	0.0005455594781168515	319.0	0.8290626709096304	0.004503905665678046	0.8245587652439523
12.0	0.0007847599703514606	319.0	0.7638923377536508	0.001867402879749236	0.7620249348739017
12.0	0.0011288378916846883	319.0	0.7021323079269505	0.0007873891681393495	0.7013449187588111
12.0	0.001623776739188721	319.0	0.6454834278131582	0.0003357265435164941	0.6451477012696416
12.0	0.002335721469090121	319.0	0.5919073722831577	0.00014413775667421435	0.5917632345264835
12.0	0.003359818286283781	319.0	0.541870797769217	6.21170885749491e-05	0.541808680680642
12.0	0.004832930238571752	319.0	0.4952242960419128	2.6809287833524143e-05	0.49519748675407926
12.0	0.0069519279617756054	319.0	0.45139469270048366	1.156759465472958e-05	0.45138312510582895
12.0	0.01	319.0	0.41147798602938246	4.9830192039614585e-06	0.4114730030101785
15.0	1e-05	319.0	2.0483577813820224	0.4569659813612043	1.591391800020818
15.0	1.438449888287663e-05	319.0	1.912428114446658	0.4513437590353276	1.4610843554113304
15.0	2.06913808111479e-05	319.0	1.7833353800649054	0.4559051318431056	1.3274302482218
15.0	2.9763514416313192e-05	319.0	1.6608833258559321	0.47398736492087173	1.1868959609350604
15.0	4.281332398719396e-05	319.0	1.5448724361971784	0.5067028972448601	1.0381695389523182
15.0	6.158482110660267e-05	319.0	1.4350996416028587	0.5369401592081454	0.8981594823947133
15.0	8.858667904100833e-05	319.0	1.328508512093823	0.4841758535741499	0.8443326585196731
15.0	0.00012742749857031334	319.0	1.2324696693605193	0.30700239299121973	0.9254672763692995
15.0	0.00018329807108324357	319.0	1.141125736159337	0.1348122786071426	1.0063134575521944
15.0	0.00026366508987303583	319.0	1.0542056145533947	0.05205449945578074	1.002151115097614
15.0	0.000379269019073225	319.0	0.9703639053373619	0.019830973612003568	0.9505329317253584
15.0	0.0005455594781168515	319.0	0.8956993230613297	0.0079538306870006	0.8877454923743291
15.0	0.0007847599703514606	319.0	0.8237006875071917	0.003241558211196484	0.8204591292959952
15.0	0.0011288378916846883	319.0	0.7546969164218315	0.0013336131478237348	0.7533633032740077
15.0	0.001623776739188721	319.0	0.6924643896012004	0.0005693262141465241	0.6918950633870539
15.0	0.002335721469090121	319.0	0.6330731415627265	0.00023994519601802436	0.6328331963667085
15.0	0.003359818286283781	319.0	0.5793591164763221	0.00010385184667329923	0.5792552646296488
15.0	0.004832930238571752	319.0	0.5265833817982201	4.380066975048779e-05	0.5265395811284695
15.0	0.0069519279617756054	319.0	0.4794308442010765	1.8857447136608663e-05	0.4794119867539399
15.0	0.01	319.0	0.43664222625854454	8.214538078955424e-06	0.43663401172046556
18.0	1e-05	319.0	2.2087586243750112	0.47884370429873285	1.7299149200762785
18.0	1.438449888287663e-05	319.0	2.059649773822435	0.46786269977957057	1.5917870740428643
18.0	2.06913808111479e-05	319.0	1.9182334667040022	0.4659175699463571	1.452315896757645
18.0	2.9763514416313192e-05	319.0	1.7842730636948243	0.47611739520912905	1.3081556684856952
18.0	4.281332398719396e-05	319.0	1.656429683438703	0.5014639963242887	1.154965687114414
18.0	6.158482110660267e-05	319.0	1.5377608782600642	0.5374028341512543	1.0003580441088098
18.0	8.858667904100833e-05	319.0	1.4247184489441391	0.5416646043946912	0.8830538445494479
18.0	0.00012742749857031334	319.0	1.3181626008949168	0.4178012800814569	0.9003613208134599
18.0	0.00018329807108324357	319.0	1.217846478787499	0.21337201944337808	1.0044744593441208
18.0	0.00026366508987303583	319.0	1.123505465303139	0.08548597650696582	1.0380194887961733
18.0	0.000379269019073225	319.0	1.0349050572215766	0.032639672162692306	1.0022653850588843
18.0	0.0005455594781168515	319.0	0.9518060809672124	0.012713299407625743	0.9390927815595866
18.0	0.0007847599703514606	319.0	0.8720856932721864	0.005040012203240949	0.8670456810689455
18.0	0.0011288378916846883	319.0	0.8002575680210852	0.002095820674744218	0.7981617473463409
18.0	0.001623776739188721	319.0	0.7331399531367017	0.0008762828570239594	0.7322636702796776
18.0	0.002335721469090121	319.0	0.669695996083625	0.00037056643891576497	0.6693254296447092
18.0	0.003359818286283781	319.0	0.6106213895029726	0.00015779190789584076	0.6104635975950767
18.0	0.004832930238571752	319.0	0.5544891138830749	6.660167036017844e-05	0.5544225122127147
18.0	0.0069519279617756054	319.0	0.504700505148396	2.884980391162593e-05	0.5046716553444844
18.0	0.01	319.0	0.4574852368396858	1.2333784470396944e-05	0.4574729030552154
22.0	1e-05	319.0	2.3915494262866552	0.5031669183526074	1.8883825079340477
22.0	1.438449888287663e-05	319.0	2.228047278184595	0.4866434943591085	1.7414037838254866
22.0	2.06913808111479e-05	319.0	2.072262739386024	0.4780800964413494	1.5941826429446744
22.0	2.9763514416313192e-05	319.0	1.9249121552003432	0.4801160424610398	1.4447961127393034
22.0	4.281332398719396e-05	319.0	1.785701597512432	0.4960916355273359	1.289609961985096
22.0	6.158482110660267e-05	319.0	1.6543552254386473	0.5273324002783792	1.127022825160268
22.0	8.858667904100833e-05	319.0	1.5305661551478045	0.5577183035116986	0.9728478516361059
22.0	0.00012742749857031334	319.0	1.4140458013249466	0.5132889431150814	0.9007568582098652
22.0	0.00018329807108324357	319.0	1.304497353112233	0.3276962612025511	0.9768010919096819
22.0	0.00026366508987303583	319.0	1.19939307066173	0.1436195255071946	1.0557735451545354
22.0	0.000379269019073225	319.0	1.1039703245768417	0.0558599630121011	1.0481103615647407
22.0	0.0005455594781168515	319.0	1.014819511715952	0.0213874463869655	0.9934320653289864
22.0	0.0007847599703514606	319.0	0.9303116818283067	0.00841807514066151	0.9218936066876452
22.0	0.0011288378916846883	319.0	0.851371558286263	0.0034060419093734527	0.8479655163768895
22.0	0.001623776739188721	319.0	0.77773916021534	0.0014072017140488557	0.7763319585012911
22.0	0.002335721469090121	319.0	0.7091515382794663	0.0005897230301440231	0.7085618152493223
22.0	0.003359818286283781	319.0	0.6453785635162573	0.00024937162826062025	0.6451291918879967
22.0	0.004832930238571752	319.0	0.5849569658746245	0.00010473479429485659	0.5848522310803297
22.0	0.0069519279617756054	319.0	0.5312625891247201	4.5141435220422723e-05	0.5312174476894997
22.0	0.01	319.0	0.48049829232292746	1.9225326649996646e-05	0.48047906699627746
27.0	1e-05	319.0	2.587534140100478	0.5274966231008892	2.060037516999589
27.0	1.438449888287663e-05	319.0	2.4063132322476632	0.505674560178385	1.9006386720692783
27.0	2.06913808111479e-05	319.0	2.234969209794969	0.490921131614115	1.744048078180854
27.0	2.9763514416313192e-05	319.0	2.0731533326655014	0.48536935922927193	1.5877839734362293
27.0	4.281332398719396e-05	319.0	1.9205177524834447	0.4920178296777339	1.428499922805711
27.0	6.158482110660267e-05	319.0	1.7767143272134605	0.51396517607322	1.2627491511402404
27.0	8.858667904100833e-05	319.0	1.6399561923397041	0.5481194401194672	1.091836752220237
27.0	0.00012742749857031334	319.0	1.514208984716679	0.5580947435443202	0.9561142411723589
27.0	0.00018329807108324357	319.0	1.3948237131232701	0.44722897669860556	0.9475947364246646
27.0	0.00026366508987303583	319.0	1.2828870926968334	0.23732282020750903	1.0455642724893244
27.0	0.000379269019073225	319.0	1.1760859913312351	0.0951518727614618	1.0809341185697734
27.0	0.0005455594781168515	319.0	1.0800403842415096	0.03647085808685751	1.043569526154652
27.0	0.0007847599703514606	319.0	0.9884864678497401	0.014075677576155042	0.9744107902735851
27.0	0.0011288378916846883	319.0	0.9030934124211888	0.00559376825204183	0.897499644169147
27.0	0.001623776739188721	319.0	0.8235581934719858	0.0022786537393988606	0.8212795397325869
27.0	0.002335721469090121	319.0	0.7495810109868154	0.0009447688982549753	0.7486362420885604
27.0	0.003359818286283781	319.0	0.6808996401374097	0.0003962848247835439	0.6805033553126261
27.0	0.004832930238571752	319.0	0.616271135206102	0.00016737376545465115	0.6161037614406474
27.0	0.0069519279617756054	319.0	0.558253087599414	7.093480036674174e-05	0.5581821527990473
27.0	0.01	319.0	0.5038095676316109	3.0087368355907942e-05	0.503779480263255
35.0	1e-05	319.0	2.8447899219101718	0.5571415785977097	2.287648343312462
35.0	1.438449888287663e-05	319.0	2.6420586478488084	0.5290442427490251	2.113014405099783
35.0	2.06913808111479e-05	319.0	2.449530130253135	0.5071650699439619	1.9423650603091733
35.0	2.9763514416313192e-05	319.0	2.2680719066786765	0.4930652446947254	1.775006661983951
35.0	4.281332398719396e-05	319.0	2.09726288341043	0.4890786192479725	1.6081842641624573
35.0	6.158482110660267e-05	319.0	1.9366613124318832	0.4983084380522823	1.4383528743796008
35.0	8.858667904100833e-05	319.0	1.7858377655018474	0.523095346644168	1.2627424188576795
35.0	0.00012742749857031334	319.0	1.6443666483215027	0.5549254370410448	1.089441211280458
35.0	0.00018329807108324357	319.0	1.5118293727879817	0.5393583031352197	0.972471069652762
35.0	0.00026366508987303583	319.0	1.387806269692966	0.3850687138497392	1.0027375558432268
35.0	0.000379269019073225	319.0	1.2718956332123388	0.183661690708683	1.0882339425036558
35.0	0.0005455594781168515	319.0	1.1637110547564828	0.07160178577418766	1.092109268982295
35.0	0.0007847599703514606	319.0	1.0613054031244205	0.0268818322902602	1.0344235708341603
35.0	0.0011288378916846883	319.0	0.9675674804449258	0.010419364815604196	0.9571481156293216
35.0	0.001623776739188721	319.0	0.8803841537747962	0.004191527656773018	0.8761926261180232
35.0	0.002335721469090121	319.0	0.8007243930686453	0.0017099163850601608	0.7990144766835852
35.0	0.003359818286283781	319.0	0.7256428787259851	0.0007085006368602581	0.7249343780891249
35.0	0.004832930238571752	319.0	0.6561779326262182	0.00029647539844952054	0.6558814572277686
35.0	0.0069519279617756054	319.0	0.5919910060666091	0.00012474849348656435	0.5918662575731226
35.0	0.01	319.0	0.5328177714560923	5.2610217525205794e-05	0.5327651612385671
45.0	1e-05	319.0	3.112728097842294	0.5857824236642654	2.5269456741780285
45.0	1.438449888287663e-05	319.0	2.8843497568779455	0.5518759175572419	2.332473839320704
45.0	2.06913808111479e-05	319.0	2.6693142591060917	0.5236451878810285	2.145669071225063
45.0	2.9763514416313192e-05	319.0	2.4670726866890185	0.5022232326357744	1.964849454053244
45.0	4.281332398719396e-05	319.0	2.2770848952697103	0.48931270099134927	1.7877721942783609
45.0	6.158482110660267e-05	319.0	2.0988173481056047	0.48739277725801616	1.6114245708475885
45.0	8.858667904100833e-05	319.0	1.9317452308231877	0.49953036001596596	1.4322148708072218
45.0	0.00012742749857031334	319.0	1.7733753212623065	0.5264264198615275	1.246948901400779
45.0	0.00018329807108324357	319.0	1.629131677729195	0.5506522515754348	1.0784794261537602
45.0	0.00026366508987303583	319.0	1.492581397185597	0.4978206289402138	0.9947607682453832
45.0	0.000379269019073225	319.0	1.3652203819791005	0.3104281253984813	1.0547922565806191
45.0	0.0005455594781168515	319.0	1.245101489668376	0.1340245258160424	1.1110769638523337
45.0	0.0007847599703514606	319.0	1.1362323698441965	0.05134983254091978	1.0848825373032767
45.0	0.0011288378916846883	319.0	1.0337106003783654	0.019461943698312546	1.0142486566800528
45.0	0.001623776739188721	319.0	0.9385998962547373	0.007581751487587469	0.9310181447671498
45.0	0.002335721469090121	319.0	0.8504849806860485	0.003034320101306501	0.8474506605847419
45.0	0.003359818286283781	319.0	0.7689788559991537	0.0012390493099545307	0.7677398066891992
45.0	0.004832930238571752	319.0	0.6937196952005379	0.0005128052193331515	0.6932068899812047
45.0	0.0069519279617756054	319.0	0.6243097580895118	0.000213968599256742	0.6240957894902551
45.0	0.01	319.0	0.5604417133521161	8.964871236991473e-05	0.5603520646397462
